Item Title,Publication Title,Book Series Title,Journal Volume,Journal Issue,Item DOI,Authors,Publication Year,URL,Content Type
"Robust Vehicle Speed Estimation Based on Vision Sensor Using YOLOv5 and DeepSORT","Intelligent Computing and Optimization","","","","10.1007/978-3-031-36246-0_4","Dea Angelia KamilWahyonoAgus Harjoko","2023","http://link.springer.com/chapter/10.1007/978-3-031-36246-0_4","Chapter"
"Impact of the decision-making environment on policy responses to road worker fatality in Manitoba and Saskatchewan","Canadian Journal of Public Health","","108","5 - 6","10.17269/CJPH.108.6231","Curt J. Pankratz PhD","2017","http://link.springer.com/article/10.17269/CJPH.108.6231","Article"
"Intelligent Computing and Optimization","Lecture Notes in Networks and Systems","","","","10.1007/978-3-031-36246-0","Pandian VasantMohammad Shamsul ArefinVladimir PanchenkoJ. Joshua ThomasElias MunapoGerhard-Wilhelm WeberRoman Rodriguez-Aguilar","2023","http://link.springer.com/book/10.1007/978-3-031-36246-0","Book"
"How automated speed enforcement may reduce travel time variability and result in travel time savings: The case study of the loop 101 speed enforcement program in Scottsdale, Arizona","KSCE Journal of Civil Engineering","","15","1","10.1007/s12205-011-0868-7","Kangwon ShinSimon P. WashingtonKeechoo Choi","2011","http://link.springer.com/article/10.1007/s12205-011-0868-7","Article"
"Vision Zero on Federal Level in Canada","The Vision Zero Handbook","","","","10.1007/978-3-030-23176-7_18-1","Pamela Fuselli","2022","http://link.springer.com/referenceworkentry/10.1007/978-3-030-23176-7_18-1","ReferenceWorkEntry"
"The Vision Zero Handbook","","","","","10.1007/978-3-030-76505-7","Karin Edvardsson BjörnbergSven Ove HanssonMatts-Åke BelinClaes Tingvall","2023","http://link.springer.com/referencework/10.1007/978-3-030-76505-7","ReferenceWork"
"Vision Zero on Federal Level in Canada","The Vision Zero Handbook","","","","10.1007/978-3-030-76505-7_18","Pamela Fuselli","2023","http://link.springer.com/referenceworkentry/10.1007/978-3-030-76505-7_18","ReferenceWorkEntry"
"Improving road safety and residential quality of life","Applied Health Economics and Health Policy","","3","2","10.2165/00148365-200403020-00003","Roy E. LuckeRichard A. RaubThomas E. Thunder","2004","http://link.springer.com/article/10.2165/00148365-200403020-00003","Article"
"A Novel In-flight Alignment Algorithm for Airborne Strapdown INS with Assistant of Doppler Radar","Proceedings of the Second International Conference on Mechatronics and Automatic Control","","","","10.1007/978-3-319-13707-0_117","Shuang PanXu HanNie Yongfang","2015","http://link.springer.com/chapter/10.1007/978-3-319-13707-0_117","Chapter"
"Safe Operation Guidelines for Electronic Toll Collection Systems: A Case Study in Korea","International Journal of Civil Engineering","","16","3","10.1007/s40999-016-0129-8","Younshik ChungYoon-Hyuk ChoiByoung-Jo Yoon","2018","http://link.springer.com/article/10.1007/s40999-016-0129-8","Article"
"Slipstream Experiment Setup","The Aerodynamics of a Container Freight Train","","","","10.1007/978-3-319-33279-6_2","David Soper","2016","http://link.springer.com/chapter/10.1007/978-3-319-33279-6_2","Chapter"
"Development of Speed Management Measures at Uncontrolled Intersection; Case Study of Hyderabad, India","Proceedings of the Fifth International Conference of Transportation Research Group of India","","","","10.1007/978-981-16-8259-9_21","Adarsh Raj SrivastavaAgnivesh PaniBandhan Bandhu MajumdarPrasanta Kumar Sahu","2022","http://link.springer.com/chapter/10.1007/978-981-16-8259-9_21","Chapter"
"A Comparative Study on the Behaviour of Motorcyclists on Exclusive Motorcycle Lane at Merging Section Under Different Configuration of Road Marking","InCIEC 2014","","","","10.1007/978-981-287-290-6_107","Muhammad Hazmi Bin IliasMuhammad Akram Adnan","2015","http://link.springer.com/chapter/10.1007/978-981-287-290-6_107","Chapter"
"Proceedings of the Fifth International Conference of Transportation Research Group of India","Lecture Notes in Civil Engineering","","","","10.1007/978-981-16-8259-9","Assoc. Prof. Akhilesh Kumar MauryaProf. Bhargab MaitraProf. Rajat RastogiAnimesh Das","2022","http://link.springer.com/book/10.1007/978-981-16-8259-9","Book"
"Kinematic and Kinetic Comparisons between Two Different Strides on Baseball Pitching for Taiwan College Elite Pitchers","6th World Congress of Biomechanics (WCB 2010). August 1-6, 2010 Singapore","","","","10.1007/978-3-642-14515-5_54","Shu-Wei ChenWen-Tzu TangJung-Tang KungTsung-Ying Hung","2010","http://link.springer.com/chapter/10.1007/978-3-642-14515-5_54","Chapter"
"Interactions Between Automated Shuttle and Vulnerable Road Users: A Case Study","Sustainable Civil Engineering at the Beginning of Third Millennium","","","","10.1007/978-981-97-1781-1_37","Stefano CoropulisNicola BerlocoRoberta GentilePaolo IntiniPaola LongoVittorio Ranieri","2024","http://link.springer.com/chapter/10.1007/978-981-97-1781-1_37","Chapter"
"Evaluation and improvement of the greenness of plasma spraying through life cycle assessment and grey relational analysis","The International Journal of Life Cycle Assessment","","26","8","10.1007/s11367-021-01910-4","Jing LiuLiming WangFangyi LiYanle LiXueju RanLin KongYan Fu","2021","http://link.springer.com/article/10.1007/s11367-021-01910-4","Article"
"Unsolvability of the Halting Problem in Quantum Dynamics","International Journal of Theoretical Physics","","47","7","10.1007/s10773-007-9621-x","Daegene Song","2008","http://link.springer.com/article/10.1007/s10773-007-9621-x","Article"
"Controlling Powder Deposition Process Using Fuzzy Logic Systems","Knowledge Enterprise: Intelligent Strategies in Product Design, Manufacturing, and Management","","","","10.1007/0-387-34403-9_123","Kesheng WangPaul AkangahQingfeng Yuan","2006","http://link.springer.com/chapter/10.1007/0-387-34403-9_123","Chapter"
"The effect of edge serration on the performance of stone-tip projectiles: an experimental case study of the Maros Point from Holocene South Sulawesi","Archaeological and Anthropological Sciences","","14","8","10.1007/s12520-022-01620-4","Anton FerdiantoSuryatmanFakhriBudianto HakimThomas SutiknaSam C. Lin","2022","http://link.springer.com/article/10.1007/s12520-022-01620-4","Article"
"Road Traffic Noise Analysis at the U-Turn in Makassar City","ICCOEE2020","","","","10.1007/978-981-33-6311-3_106","Muralia HustimRasdiana ZakariaMuhammad Isran RamliNurul Azizah Syafruddin","2021","http://link.springer.com/chapter/10.1007/978-981-33-6311-3_106","Chapter"
"Sustainable Civil Engineering at the Beginning of Third Millennium","Lecture Notes in Civil Engineering","","","","10.1007/978-981-97-1781-1","Umut TürkerÖzgür ErenEris Uygar","2024","http://link.springer.com/book/10.1007/978-981-97-1781-1","Book"
"Vehicle Detection and Its Speed Measurement","Intelligent Energy Management Technologies","","","","10.1007/978-981-15-8820-4_9","Morium AkterJannatul FerdousMahmuda Najnin EvaSumaita Binte ShorifSk. Fahmida IslamMohammad Shorif Uddin","2021","http://link.springer.com/chapter/10.1007/978-981-15-8820-4_9","Chapter"
"Evaluation Method for Safe Driving Skill Based on Driving Behavior Analysis and Situational Information at Intersections","Smart Mobile In-Vehicle Systems","","","","10.1007/978-1-4614-9120-0_12","Yosuke YoshidaMatti PoukeMasahiro TadaHaruo NomaMasaru Noda","2014","http://link.springer.com/chapter/10.1007/978-1-4614-9120-0_12","Chapter"
"Influence of work zone signage on driver speeding behavior","Journal of Modern Transportation","","27","1","10.1007/s40534-019-0182-5","Snehanshu BanerjeeMansoureh JeihaniNashid K. Khadem","2019","http://link.springer.com/article/10.1007/s40534-019-0182-5","Article"
"Recorded Speed on Alpine Slopes: How to Interpret Skier’s Perception of Their Speed?","Snow Sports Trauma and Safety","","","","10.1007/978-3-319-52755-0_13","Nicolas BaillySofiane AbouchicheCatherine MassonThierry DonnadieuPierre-Jean Arnoux","2017","http://link.springer.com/chapter/10.1007/978-3-319-52755-0_13","Chapter"
"Sprint Running Performance Monitoring: Methodological and Practical Considerations","Sports Medicine","","46","5","10.1007/s40279-015-0446-0","Thomas HaugenMartin Buchheit","2016","http://link.springer.com/article/10.1007/s40279-015-0446-0","Article"
"Smart Street Lights to Reduce Death Rates from Road Accidents","Proceedings of International Conference on Recent Trends in Machine Learning, IoT, Smart Cities and Applications","","","","10.1007/978-981-15-7234-0_75","RajatNaresh KumarManoj Sharma","2021","http://link.springer.com/chapter/10.1007/978-981-15-7234-0_75","Chapter"
"International Conference on Innovative Computing and Communications","Advances in Intelligent Systems and Computing","","","","10.1007/978-981-16-2594-7","Dr. Ashish KhannaDr. Deepak GuptaProf. Dr. Siddhartha BhattacharyyaProf. Aboul Ella HassanienDr. Sameer AnandDr. Ajay Jaiswal","2022","http://link.springer.com/book/10.1007/978-981-16-2594-7","Book"
"Intelligent Transportation Systems (ITS)","Encyclopedia of Big Data","","","","10.1007/978-3-319-32010-6_378","Laurie A. Schintler","2022","http://link.springer.com/referenceworkentry/10.1007/978-3-319-32010-6_378","ReferenceWorkEntry"
"Intelligent Transportation Systems (ITS)","Encyclopedia of Big Data","","","","10.1007/978-3-319-32001-4_378-2","Laurie A. Schintler","2022","http://link.springer.com/referenceworkentry/10.1007/978-3-319-32001-4_378-2","ReferenceWorkEntry"
"Positioning of Singular Point of Motor Vibration Signal Based on Wavelet Transform","Unifying Electrical Engineering and Electronics Engineering","","","","10.1007/978-1-4614-4981-2_147","Dongdi ChenJin ZhaoZhongyu Shen","2014","http://link.springer.com/chapter/10.1007/978-1-4614-4981-2_147","Chapter"
"Modality of Adaptive Neuro-Fuzzy Classifier for Acoustic Signal-Based Traffic Density State Estimation Employing Linguistic Hedges for Feature Selection","International Journal of Fuzzy Systems","","18","3","10.1007/s40815-015-0069-5","Prashant BorkarM. V. SarodeL. G. Malik","2016","http://link.springer.com/article/10.1007/s40815-015-0069-5","Article"
"Comparison review on LIDAR technologies vs. RADAR technologies in speed enforcement system","Personal and Ubiquitous Computing","","27","5","10.1007/s00779-023-01736-x","Ansar YasarMuhammad AdnanWim EctorsGeert Wets","2023","http://link.springer.com/article/10.1007/s00779-023-01736-x","Article"
"Mapping global evidence on strategies and interventions in neurotrauma and road traffic collisions prevention: a scoping review","Systematic Reviews","","9","1","10.1186/s13643-020-01348-z","Santhani M SelveindranTamara TangoMuhammad Mukhtar KhanDaniel Martin SimadibrataPeter J. A. HutchinsonCarol BrayneChristine HillFranco ServadeiAngelos G. KoliasAndres M. RubianoAlexis J. JoannidesHamisi K. Shabani","2020","http://link.springer.com/article/10.1186/s13643-020-01348-z","Article"
"Pedestrian Safety at Rail Grade Crossings: Focus Areas for Research and Intervention","Urban Rail Transit","","1","4","10.1007/s40864-016-0030-4","Paul MetaxatosP. S. Sriraj","2015","http://link.springer.com/article/10.1007/s40864-016-0030-4","Article"
"Encyclopedia of GIS","","","","","10.1007/978-3-319-17885-1","Shashi ShekharHui XiongXun Zhou","2017","http://link.springer.com/referencework/10.1007/978-3-319-17885-1","ReferenceWork"
"Green Connected Automated Transportation and Safety","Lecture Notes in Electrical Engineering","","","","10.1007/978-981-16-5429-9","Prof. Dr. Wuhong WangProf. Dr. Yanyan ChenProf. Dr. Zhengbing HeProf. Dr. Xiaobei Jiang","2022","http://link.springer.com/book/10.1007/978-981-16-5429-9","Book"
"Pattern Discovery and Forecasting of Attrition Using Time Series Analysis","Intelligent Systems and Machine Learning","","","","10.1007/978-3-031-35081-8_7","Saumyadip SarkarRashmi Agarwal","2023","http://link.springer.com/chapter/10.1007/978-3-031-35081-8_7","Chapter"
"Sustainable Rail Transport 4","Lecture Notes in Mobility","","","","10.1007/978-3-030-82095-4","Dr. Marin MarinovDr. Janene Piip","2022","http://link.springer.com/book/10.1007/978-3-030-82095-4","Book"
"Transportation Networks, Case-Based Reasoning and Traffic Collision Analysis: A Methodology for the 21st Century","Methods and Models in Transport and Telecommunications","","","","10.1007/3-540-28550-4_5","Kaidong LiNigel M. Waters","2005","http://link.springer.com/chapter/10.1007/3-540-28550-4_5","Chapter"
"Utility-Based Route Choice Behavior Modeling Using Deep Sequential Models","Journal of Big Data Analytics in Transportation","","4","2 - 3","10.1007/s42421-022-00058-3","Guimin DongYonghyeon KweonB. Brian ParkMehdi Boukhechba","2022","http://link.springer.com/article/10.1007/s42421-022-00058-3","Article"
"Controversies and Speed Cameras: Lessons Learnt Internationally","Journal of Public Health Policy","","26","4","10.1057/palgrave.jphp.3200044","Amanda DelaneyHeather WardMax CameronAllan F Williams","2005","http://link.springer.com/article/10.1057/palgrave.jphp.3200044","Article"
"Intelligent Systems and Machine Learning","Lecture Notes of the Institute for Computer Sciences, Social Informatics and Telecommunications Engineering","","","","10.1007/978-3-031-35081-8","Sachi Nandan MohantyVicente Garcia DiazG. A. E. Satish Kumar","2023","http://link.springer.com/book/10.1007/978-3-031-35081-8","Book"
"The Swedish Vision Zero—An Advanced Safety Culture Phenomenon","Transport and Safety","","","","10.1007/978-981-16-1115-5_1","Matts-Åke Belin","2021","http://link.springer.com/chapter/10.1007/978-981-16-1115-5_1","Chapter"
"Proceedings of the Sixth International Conference of Transportation Research Group of India","Lecture Notes in Civil Engineering","","","","10.1007/978-981-19-4204-4","Lelitha DeviMadhu ErrampalliAvijit MajiGitakrishnan Ramadurai","2023","http://link.springer.com/book/10.1007/978-981-19-4204-4","Book"
"CrimeStat: A Spatial Statistical Program for the Analysis of Crime Incidents","Encyclopedia of GIS","","","","10.1007/978-3-319-23519-6_229-2","Ned Levine","2016","http://link.springer.com/referenceworkentry/10.1007/978-3-319-23519-6_229-2","ReferenceWorkEntry"
"Towards High Impact Smart Cities: a Universal Architecture Based on Connected Intelligence Spaces","Journal of the Knowledge Economy","","13","2","10.1007/s13132-021-00767-0","Nicos KomninosChristina KakderiLuca MoraAnastasia PanoriElena Sefertzi","2022","http://link.springer.com/article/10.1007/s13132-021-00767-0","Article"
"Encyclopedia of Law and Economics","","","","","10.1007/978-1-4614-7753-2","Alain MarcianoGiovanni Battista Ramello","2019","http://link.springer.com/referencework/10.1007/978-1-4614-7753-2","ReferenceWork"
"Proceedings of the 7th International Conference on Architecture, Materials and Construction","Lecture Notes in Civil Engineering","","","","10.1007/978-3-030-94514-5","Prof. Paulo MendonçaProf. Nuno Dinis Cortiços","2022","http://link.springer.com/book/10.1007/978-3-030-94514-5","Book"
"The Economic Impacts of SR-91 and I-5 Corridor Improvements","Regional Economic Impacts of Terrorist Attacks, Natural Disasters and Metropolitan Policies","","","","10.1007/978-3-319-14322-4_11","Peter GordonJames E. Moore IIQisheng PanHarry W. RichardsonSunbin ChoChristopher Williamson","2015","http://link.springer.com/chapter/10.1007/978-3-319-14322-4_11","Chapter"
"Traffic safety in surface public transport systems: a synthesis of research","Public Transport","","7","2","10.1007/s12469-014-0087-y","Nicolae DudutaClaudia AdriazolaDario HidalgoLuis Antonio LindauRebecca Jaffe","2015","http://link.springer.com/article/10.1007/s12469-014-0087-y","Article"
"Make the Bus Fast and Reliable","Better Buses, Better Cities","","","","10.5822/978-1-64283-015-6_4","Steven Higashide","2019","http://link.springer.com/chapter/10.5822/978-1-64283-015-6_4","Chapter"
"Development of a Malaysian Plate Number Recognition System for Parking Violation","IT Applications for Sustainable Living","","","","10.1007/978-3-031-40751-2_6","Mohd Fauzi AliasFahmi Fitri Abdul RahimMohamad Rosyidi AhmadMohamed Yusof RadzakMohd Suyerdi OmarMuhamad Husaini Abu Bakar","2023","http://link.springer.com/chapter/10.1007/978-3-031-40751-2_6","Chapter"
"CrimeStat: A Spatial Statistical Program for the Analysis of Crime Incidents","Encyclopedia of GIS","","","","10.1007/978-3-319-17885-1_229","Ned Levine","2017","http://link.springer.com/referenceworkentry/10.1007/978-3-319-17885-1_229","ReferenceWorkEntry"
"Encyclopedia of Big Data","","","","","10.1007/978-3-319-32010-6","Laurie A. SchintlerConnie L. McNeely","2022","http://link.springer.com/referencework/10.1007/978-3-319-32010-6","ReferenceWork"
"Three-dimensional motion capture data during repetitive overarm throwing practice","Scientific Data","","5","1","10.1038/sdata.2018.272","Gizem OzkayaHae Ryun JungIn Sub JeongMin Ra ChoiMin Young ShinXue LinWoo Seong HeoMi Sun KimEonho KimKi-Kwang Lee","2018","http://link.springer.com/article/10.1038/sdata.2018.272","Article"
"EPOS/IFPOS Combined Meeting EPOS - 26th Annual Meeting","Journal of Children's Orthopaedics","","1","1","10.1007/s11832-007-0015-7","","2007","http://link.springer.com/article/10.1007/s11832-007-0015-7","Article"
"The built environment and active transportation safety in children and youth: a study protocol","BMC Public Health","","19","1","10.1186/s12889-019-7024-6","Brent E. HagelAlison MacphersonAndrew HowardPamela FuselliMarie-Soleil CloutierMeghan WintersSarah A. RichmondLinda RothmanKathy BeltonRon BuliungCarolyn A. EmeryGuy FaulknerJacqueline KennedyTracey MaColin MacarthurGavin R. McCormack","2019","http://link.springer.com/article/10.1186/s12889-019-7024-6","Article"
"Elastic kirigami patch for electromyographic analysis of the palm muscle during baseball pitching","NPG Asia Materials","","11","1","10.1038/s41427-019-0183-1","Kento YamagishiTakenori NakanishiSho MiharaMasaru AzumaShinji TakeokaKazuyuki KanosueTomoyuki NagamiToshinori Fujie","2019","http://link.springer.com/article/10.1038/s41427-019-0183-1","Article"
"Motorized and non-motorized mixed traffic characteristics and lateral opening spacing calculation for the section of arterial highway through small towns","Scientific Reports","","14","1","10.1038/s41598-024-55529-0","Shengneng HuKexin MaoWei TongZhen JiaWeibo ZhaiHongwei Xu","2024","http://link.springer.com/article/10.1038/s41598-024-55529-0","Article"
"How effective are police road presence and enforcement in a developing country context?","Humanities and Social Sciences Communications","","9","1","10.1057/s41599-022-01071-1","Enoch F. Sam","2022","http://link.springer.com/article/10.1057/s41599-022-01071-1","Article"
"Survey on Lidar Sensing Technology for Vehicular Networks","Distributed Computing for Emerging Smart Networks","","","","10.1007/978-3-031-52823-1_1","Mouaouia Guinoubi","2024","http://link.springer.com/chapter/10.1007/978-3-031-52823-1_1","Chapter"
"Determining the Maximum Speed Limit in Residential Area","Proceedings of the 5th International Conference on Rehabilitation and Maintenance in Civil Engineering","","","","10.1007/978-981-16-9348-9_61","Gito SugiyantoFadli WirawanEva Wahyu IndriyatiYantoMina Yumei Santi","2023","http://link.springer.com/chapter/10.1007/978-981-16-9348-9_61","Chapter"
"Operating speed: review and recommendations for future research","Innovative Infrastructure Solutions","","7","1","10.1007/s41062-021-00669-9","Kiran Kumar TottadiArpan Mehar","2021","http://link.springer.com/article/10.1007/s41062-021-00669-9","Article"
"Evaluating the Effect of Speed Variation on Vehicular Emission Using an Integrated Modelling Approach","3rd International Conference on Innovative Technologies for Clean and Sustainable Development","","","","10.1007/978-3-030-51485-3_20","Archana ChawlaMukesh KhareSaif Khan","2021","http://link.springer.com/chapter/10.1007/978-3-030-51485-3_20","Chapter"
"Robotic GMAW online learning: issues and experiments","The International Journal of Advanced Manufacturing Technology","","87","5 - 8","10.1007/s00170-016-8618-0","Reyes Rios-CabreraAmerica B. Morales-DiazJaime F. Aviles-ViñasIsmael Lopez-Juarez","2016","http://link.springer.com/article/10.1007/s00170-016-8618-0","Article"
"Understanding Driver Behavior at Intersection for Mixed Traffic Conditions Using Questionnaire Survey","Transportation Research","","","","10.1007/978-981-32-9042-6_51","Ajinkya IngalePrasanta SahuRishabh BajpaiAvijit MajiAshoke Sarkar","2020","http://link.springer.com/chapter/10.1007/978-981-32-9042-6_51","Chapter"
"Model-Based Expert System for Design and Simulation of APS Coatings","Journal of Thermal Spray Technology","","16","1","10.1007/s11666-006-9000-9","Florin-Iuliu TrifaGhislain MontavonChristian Coddet","2007","http://link.springer.com/article/10.1007/s11666-006-9000-9","Article"
"Seeing a Hundred Miles: Radar","The Electronics Revolution","","","","10.1007/978-3-319-49088-5_5","J. B. Williams","2017","http://link.springer.com/chapter/10.1007/978-3-319-49088-5_5","Chapter"
"Use of artificial neural networks to assess train horn noise at a railway level crossing in India","Environmental Monitoring and Assessment","","195","3","10.1007/s10661-023-11021-2","Boddu Sudhir KumarVenkaiah Chowdary","2023","http://link.springer.com/article/10.1007/s10661-023-11021-2","Article"
"Structure–Phase Transformations and Properties of Non-Ferrous Metals and Alloys under Extreme Conditions","Physics of Metals and Metallography","","121","7","10.1134/S0031918X20070029","I. G. BrodovaV. I. Zel’dovichI. V. Khomskaya","2020","http://link.springer.com/article/10.1134/S0031918X20070029","Article"
"Proceedings of the 5th International Conference on Rehabilitation and Maintenance in Civil Engineering","Lecture Notes in Civil Engineering","","","","10.1007/978-981-16-9348-9","Stefanus Adi KristiawanBuntara S. GanMohamed ShahinAkanshu Sharma","2023","http://link.springer.com/book/10.1007/978-981-16-9348-9","Book"
"A Multiple Linear Regression Approach in Modeling Traffic Noise","Proceedings of the International Conference on Research and Innovations in Mechanical Engineering","","","","10.1007/978-81-322-1859-3_50","R. PanchalM. DahiyaP. K. SainiN. Garg","2014","http://link.springer.com/chapter/10.1007/978-81-322-1859-3_50","Chapter"
"Development of an adaptive neuro fuzzy inference system based vehicular traffic noise prediction model","Journal of Ambient Intelligence and Humanized Computing","","12","2","10.1007/s12652-020-02431-y","Daljeet SinghRahul UpadhyayHusanbir Singh PannuDimitri Leray","2021","http://link.springer.com/article/10.1007/s12652-020-02431-y","Article"
"Intelligent Infrastructure in Transportation and Management","Studies in Infrastructure and Control","","","","10.1007/978-981-16-6936-1","Dr. Jiten ShahDr. Shriniwas S. ArkatkarDr. Pravin Jadhav","2022","http://link.springer.com/book/10.1007/978-981-16-6936-1","Book"
"Comparative study on safety effects of differential speed limit and uniform speed limit on highways using microsimulation","Innovative Infrastructure Solutions","","9","1","10.1007/s41062-023-01324-1","Abhinav MishraA. Mohan RaoDarshana Othayoth","2023","http://link.springer.com/article/10.1007/s41062-023-01324-1","Article"
"Heterogeneous road traffic noise modeling at mid-block sections of mid-sized city in India","Environmental Monitoring and Assessment","","195","11","10.1007/s10661-023-11924-0","Ashish Kumar ChoukseyBrind KumarManoranjan ParidaAmar Deep PandeyGaurav Verma","2023","http://link.springer.com/article/10.1007/s10661-023-11924-0","Article"
"Use of Microscopic Traffic Simulation Software to Determine Heavy-Vehicle Influence on Queue Lengths at Toll Plazas","Arabian Journal for Science and Engineering","","44","8","10.1007/s13369-019-03809-7","Mohammed Bally MahdiLee Vien LeongAhmad Farhan Mohd Sadullah","2019","http://link.springer.com/article/10.1007/s13369-019-03809-7","Article"
"Smart Traffic Monitoring and Alert System Using VANET and Deep Learning","International Conference on Innovative Computing and Communications","","","","10.1007/978-981-16-2594-7_43","Manik TanejaNeeraj Garg","2022","http://link.springer.com/chapter/10.1007/978-981-16-2594-7_43","Chapter"
"A Cyber-Safety IoT-Enabled Wearable Microstrip Antenna for X-Band Applications","Mobile Computing and Sustainable Informatics","","","","10.1007/978-981-16-1866-6_2","R. Praveen KumarS. SmysJennifer S. RajM. Kamarajan","2022","http://link.springer.com/chapter/10.1007/978-981-16-1866-6_2","Chapter"
"Influence of Horizontal Curve Geometry on Operating Speeds on Four-Lane Divided Highways Under Heterogeneous Traffic Conditions","Journal of The Institution of Engineers (India): Series A","","103","4","10.1007/s40030-022-00677-7","Kiran Kumar TottadiChaitanya VarmaArpan Mehar","2022","http://link.springer.com/article/10.1007/s40030-022-00677-7","Article"
"An Artificial Neural Network Model for Traffic Noise Predictions","Proceedings of the International Conference on Research and Innovations in Mechanical Engineering","","","","10.1007/978-81-322-1859-3_54","M. DahiyaR. PanchalP. K. SainiN. Garg","2014","http://link.springer.com/chapter/10.1007/978-81-322-1859-3_54","Chapter"
"Calibrating and Validation of Microsimulation Model for Indian Heterogeneous Traffic Flow—A Case Study","Intelligent Infrastructure in Transportation and Management","","","","10.1007/978-981-16-6936-1_3","Harsh MerA. Mohan RaoRena N. Shukla","2022","http://link.springer.com/chapter/10.1007/978-981-16-6936-1_3","Chapter"
"Reasonable Self-doubt","Criminal Law and Philosophy","","15","1","10.1007/s11572-020-09528-7","Ofer MalcaiRam Rivlin","2021","http://link.springer.com/article/10.1007/s11572-020-09528-7","Article"
"Relevancy of the Installed Posted Speed Limit Based on the Operating Speed Study on Multilane Highway","InCIEC 2015","","","","10.1007/978-981-10-0155-0_84","Megat Nazrin Helmy Shah NazriNur Atikah AhmadNurul Iman RahimAfiqah ZakariaTuan Badrol Hisham Tuan BesarMuhammad Akram Bin AdnanNorliana Binti Sulaiman","2016","http://link.springer.com/chapter/10.1007/978-981-10-0155-0_84","Chapter"
"Autonomous Driving Vehicle System Using LiDAR Sensor","Intelligent Data Communication Technologies and Internet of Things","","","","10.1007/978-981-16-7610-9_25","Saiful IslamMd Shahnewaz TanvirMd. Rawshan HabibTahsina Tashrif ShawmeeMd Apu AhmedTafannum FerdousMd. Rashedul ArefinSanim Alam","2022","http://link.springer.com/chapter/10.1007/978-981-16-7610-9_25","Chapter"
"A Video-Based System for Vehicle Tracking Based on Optical Flow and Shi-Tomasi Corner Detection Algorithm","Proceedings of Fourth International Conference on Computing, Communications, and Cyber-Security","","","","10.1007/978-981-99-1479-1_53","Nikesha PatelKeyur N. Brahmbhatt","2023","http://link.springer.com/chapter/10.1007/978-981-99-1479-1_53","Chapter"
"A Study of Delay Estimation Methods at Signalized Intersections for Mixed Traffic Condition","Transportation in Developing Economies","","7","1","10.1007/s40890-021-00120-9","Abdhul KhadhirHimabindu MaripiniSukanya SreedharLelitha VanajakshiBhargava Rama Chilukuri","2021","http://link.springer.com/article/10.1007/s40890-021-00120-9","Article"
"Development of the simulation model for throwing motion in water polo","Sports Engineering","","17","1","10.1007/s12283-013-0127-x","Motomu NakashimaYuta NakayamaYutaka MinamiHideki Takagi","2014","http://link.springer.com/article/10.1007/s12283-013-0127-x","Article"
"Comparison of ANN and Analytical Models in Traffic Noise Modeling and Predictions","Acoustics Australia","","43","2","10.1007/s40857-015-0018-3","N. GargS. K. MangalP. K. SainiP. DhimanS. Maji","2015","http://link.springer.com/article/10.1007/s40857-015-0018-3","Article"
"Guidelines for Effective Weigh-in-Motion (WIM) Equipment Calibration, Application for Modeling WIM Errors, and Comparison of the ASTM and LTPP Accuracy Protocols","International Journal of Pavement Research and Technology","","","","10.1007/s42947-022-00267-7","Muhammad Munum MasudSyed W. Haider","2023","http://link.springer.com/article/10.1007/s42947-022-00267-7","Article"
"Quantifying the influence of transmission path characteristics on urban railway noise","Environmental Monitoring and Assessment","","195","8","10.1007/s10661-023-11557-3","Boddu Sudhir KumarVenkaiah Chowdary","2023","http://link.springer.com/article/10.1007/s10661-023-11557-3","Article"
"Proceedings of Fourth International Conference on Computing, Communications, and Cyber-Security","Lecture Notes in Networks and Systems","","","","10.1007/978-981-99-1479-1","Sudeep TanwarSlawomir T. WierzchonPradeep Kumar SinghMaria GanzhaGregory Epiphaniou","2023","http://link.springer.com/book/10.1007/978-981-99-1479-1","Book"
"Estimation of possible sources for wind-borne re-invasion of Bactrocera dorsalis complex (Diptera: Tephritidae) into islands of Okinawa Prefecture, southwestern Japan","Applied Entomology and Zoology","","51","1","10.1007/s13355-015-0368-1","Akira OtukaKeiichi NagayoshiSachiyo Sanada-MorimuraMasaya MatsumuraDai HaraguchiRei Kakazu","2016","http://link.springer.com/article/10.1007/s13355-015-0368-1","Article"
"An acute bout of controlled subconcussive impacts can alter dynamic cerebral autoregulation indices: a preliminary investigation","European Journal of Applied Physiology","","122","4","10.1007/s00421-022-04908-4","Jonathan D. SmirlDakota PeacockJoel S. BurmaAlexander D. WrightKevin J. BoulianeJill DierijckMichael KennefickColin WallacePaul van Donkelaar","2022","http://link.springer.com/article/10.1007/s00421-022-04908-4","Article"
"Impact of Road Infrastructure Land Use and Traffic Operational Characteristics on Pedestrian Fatality Risk: A Case Study of Kolkata, India","Transportation in Developing Economies","","5","2","10.1007/s40890-019-0077-5","Dipanjan MukherjeeSudeshna Mitra","2019","http://link.springer.com/article/10.1007/s40890-019-0077-5","Article"
"Comparison of Analytical and Machine Learning Models in Traffic Noise Modeling and Predictions","MAPAN","","","","10.1007/s12647-023-00692-4","Bhagwat Singh ChauhanNaveen GargSaurabh KumarChitra GautamGaurav Purohit","2023","http://link.springer.com/article/10.1007/s12647-023-00692-4","Article"
"An Assessment of Advanced Transportation Research Opportunities","Proceedings of the Third International Conference on Microelectronics, Computing and Communication Systems","","","","10.1007/978-981-13-7091-5_53","Rudraksh AgrawalDeepak PrasadKumari NeelamAbhishek PandeyVijay Nath","2019","http://link.springer.com/chapter/10.1007/978-981-13-7091-5_53","Chapter"
"15th ISSS Conference in Pontresina, Switzerland, 27 April to 2 May 2003","Knee Surgery, Sports Traumatology, Arthroscopy","","12","2","10.1007/s00167-003-0487-z","","2004","http://link.springer.com/article/10.1007/s00167-003-0487-z","Article"
"An experimental and numerical study of air pollution near unpaved roads","Air Quality, Atmosphere & Health","","12","4","10.1007/s11869-019-00678-9","José Ignacio Huertas CardozoDaniel Fernando Prato Sánchez","2019","http://link.springer.com/article/10.1007/s11869-019-00678-9","Article"
"Conference Matrices for Optimizing and Applications","","","","","10.1007/978-981-99-6839-8","Teruo Mori","2024","http://link.springer.com/book/10.1007/978-981-99-6839-8","Book"
"Method Coherence and Epistemic Circularity","Erkenntnis","","84","2","10.1007/s10670-017-9967-2","Will Fleisher","2019","http://link.springer.com/article/10.1007/s10670-017-9967-2","Article"
"An inland waterway traffic noise prediction model for environmental assessment in China","International Journal of Environmental Science and Technology","","13","5","10.1007/s13762-016-0981-8","B. L. DaiN. ShengY. L. HeJ. M. XuA. F. Zhu","2016","http://link.springer.com/article/10.1007/s13762-016-0981-8","Article"
"Modeling Residual Stress Development in Thermal Spray Coatings: Current Status and Way Forward","Journal of Thermal Spray Technology","","26","6","10.1007/s11666-017-0590-1","Abba A. AbubakarAbul Fazal M. ArifKhaled S. Al-AthelS. Sohail AkhtarJavad Mostaghimi","2017","http://link.springer.com/article/10.1007/s11666-017-0590-1","Article"
"Design of Optimal Noise Barrier for Metropolitan Cities Using Artificial Neural Networks","Optimization Methods in Engineering","","","","10.1007/978-981-15-4550-4_22","Nishant K. DhimanBhopinder SinghParveen K. SainiNaveen Garg","2021","http://link.springer.com/chapter/10.1007/978-981-15-4550-4_22","Chapter"
"Sports Policy Implementation by the IoT Platform","Proceedings of ICRIC 2019","","","","10.1007/978-3-030-29407-6_63","Vishnu Priya Reddy EnugalaM. Abhinava Vinay Kumar","2020","http://link.springer.com/chapter/10.1007/978-3-030-29407-6_63","Chapter"
"An Improved Deep Neural Network-Based Predictive Model for Traffic Accident’s Severity Prediction","Ambient Communications and Computer Systems","","","","10.1007/978-981-16-7952-0_17","Sarita SimaiyaUmesh Kumar LilhoreHimanshu PandeyNaresh Kumar TrivediAbhineet AnandJasminder Sandhu","2022","http://link.springer.com/chapter/10.1007/978-981-16-7952-0_17","Chapter"
"On-line learning of welding bead geometry in industrial robots","The International Journal of Advanced Manufacturing Technology","","83","1 - 4","10.1007/s00170-015-7422-6","Jaime F. Aviles-ViñasReyes Rios-CabreraIsmael Lopez-Juarez","2016","http://link.springer.com/article/10.1007/s00170-015-7422-6","Article"
"Ambient Communications and Computer Systems","Lecture Notes in Networks and Systems","","","","10.1007/978-981-16-7952-0","Prof. Yu-Chen HuProf. Shailesh TiwariDr. Munesh C. TrivediDr. K. K. Mishra","2022","http://link.springer.com/book/10.1007/978-981-16-7952-0","Book"
"Distributed Computing for Emerging Smart Networks","Communications in Computer and Information Science","","","","10.1007/978-3-031-52823-1","Imen JemiliMohamed MosbahSabra MabroukLeo Mendiboure","2024","http://link.springer.com/book/10.1007/978-3-031-52823-1","Book"
"Energetic Al/Fe2O3/PVDF composites for high energy release: Importance of polymer binder and interface","Macromolecular Research","","24","10","10.1007/s13233-016-4117-2","Jae Hun LeeSang Jin KimJung Soo ParkJong Hak Kim","2016","http://link.springer.com/article/10.1007/s13233-016-4117-2","Article"
"Capacity of Median U-Turns Using Traffic Simulation","International Journal of Intelligent Transportation Systems Research","","19","1","10.1007/s13177-020-00237-y","Jalal T. S. Al-Obaedi","2021","http://link.springer.com/article/10.1007/s13177-020-00237-y","Article"
"Performance Enhancement Technique to Incorporate Muzzle Reference Data in the Ballistic Computer","Arabian Journal for Science and Engineering","","39","2","10.1007/s13369-013-0701-3","M. A. ChoudhryIkram ul Haq","2014","http://link.springer.com/article/10.1007/s13369-013-0701-3","Article"
"Cricket Pitch Behavioural Analysis Index (PBAI) and Pitch Behaviour Forecasting (PBF) Methods: Traditional and Conventional Methods vs. Scientific Methods Based on Recent Research and Developments","Cricket Pitches","","","","10.1007/978-981-99-2913-9_9","Dr. Shyam Bahadur SinghProfessor Devendra Narain SinghDr. Sanjay Kumar RayProfessor H. B. Nagaraj","2023","http://link.springer.com/chapter/10.1007/978-981-99-2913-9_9","Chapter"
"Geometric Properties: Size and Shape","Food Physics","","","","10.1007/978-3-540-34194-9_3","","2007","http://link.springer.com/chapter/10.1007/978-3-540-34194-9_3","Chapter"
"A Throw Training System Utilizing Visual and Sound Effects","Intelligent Technologies for Interactive Entertainment","","","","10.1007/978-3-319-49616-0_13","Kaoru SumiYuki Tsukamoto","2017","http://link.springer.com/chapter/10.1007/978-3-319-49616-0_13","Chapter"
"Influence of Powder Porous Structure on the Deposition Behavior of Cold-Sprayed WC-12Co Coatings","Journal of Thermal Spray Technology","","17","5 - 6","10.1007/s11666-008-9258-1","Pei-Hu GaoYi-Gong LiChang-Jiu LiGuan-Jun YangCheng-Xin Li","2008","http://link.springer.com/article/10.1007/s11666-008-9258-1","Article"
"Intelligent Data Communication Technologies and Internet of Things","Lecture Notes on Data Engineering and Communications Technologies","","","","10.1007/978-981-16-7610-9","Dr. D. Jude HemanthDr. Danilo PelusiDr. Chandrasekar Vuppalapati","2022","http://link.springer.com/book/10.1007/978-981-16-7610-9","Book"
"Vehicle collision risk estimation based on RGB-D camera for urban road","Multimedia Systems","","23","1","10.1007/s00530-014-0440-7","Zhenyu ShanQianqian ZhuDanna Zhao","2017","http://link.springer.com/article/10.1007/s00530-014-0440-7","Article"
"Global Positioning Systems (GPS) and Microtechnology Sensors in Team Sports: A Systematic Review","Sports Medicine","","43","10","10.1007/s40279-013-0069-2","Cloe CumminsRhonda OrrHelen O’ConnorCameron West","2013","http://link.springer.com/article/10.1007/s40279-013-0069-2","Article"
"The mechanical behavior of bovine spinal cord white matter under various strain rate conditions: tensile testing and visco-hyperelastic constitutive modeling","Medical & Biological Engineering & Computing","","61","6","10.1007/s11517-023-02787-1","Fei JiangItsuo SakuramotoNorihiro NishidaYoshikatsu OnomotoJunji OhgiXian Chen","2023","http://link.springer.com/article/10.1007/s11517-023-02787-1","Article"
"Mobile Computing and Sustainable Informatics","Lecture Notes on Data Engineering and Communications Technologies","","","","10.1007/978-981-16-1866-6","Subarna ShakyaRobert BestakRam PalanisamyKhaled A. Kamel","2022","http://link.springer.com/book/10.1007/978-981-16-1866-6","Book"
"Road tunnel noise: monitoring, prediction and evaluation of noise-induced hearing loss","Environmental Science and Pollution Research","","30","36","10.1007/s11356-023-28558-x","Satish K. LokhandeVinit B. KaleMohindra C. Jain","2023","http://link.springer.com/article/10.1007/s11356-023-28558-x","Article"
"Image projection method for vehicle speed estimation model in video system","Machine Vision and Applications","","33","1","10.1007/s00138-021-01255-w","Mallikarjun AnandhalliPavana BaligarSantosh S. SarafPooja Deepsir","2021","http://link.springer.com/article/10.1007/s00138-021-01255-w","Article"
"Evaluating impact of demerit points system on speeding behavior of drivers","European Transport Research Review","","2","1","10.1007/s12544-010-0027-0","Arif Mehmood","2010","http://link.springer.com/article/10.1007/s12544-010-0027-0","Article"
"Train Speed Estimations from Ground Vibration Measurements Using a Simple Rail Deflection Model Mask","Noise and Vibration Mitigation for Rail Transportation Systems","","","","10.1007/978-3-319-73411-8_12","V. JurdicO. BewesK. BurgemeisterDavid J. Thompson","2018","http://link.springer.com/chapter/10.1007/978-3-319-73411-8_12","Chapter"
"Capacity Building in Local Authorities for Sustainable Transport Planning","Smart Innovation, Systems and Technologies","","","","10.1007/978-981-19-6962-1","Andree WoodcockJanet SaundersKeelan Fadden-HopperEileen O’Connell","2023","http://link.springer.com/book/10.1007/978-981-19-6962-1","Book"
"NASA intensifies probe into Columbia failure","Nature","","422","6929","10.1038/422249a","Tony Reichhardt","2003","http://link.springer.com/article/10.1038/422249a","Article"
"Public Health Legislation in the Caribbean","Global Encyclopedia of Public Administration, Public Policy, and Governance","","","","10.1007/978-3-030-66252-3_2835","Kameel Mungrue","2022","http://link.springer.com/referenceworkentry/10.1007/978-3-030-66252-3_2835","ReferenceWorkEntry"
"Public Health Legislation in the Caribbean","Global Encyclopedia of Public Administration, Public Policy, and Governance","","","","10.1007/978-3-319-20928-9_2835","Kameel Mungrue","2018","http://link.springer.com/referenceworkentry/10.1007/978-3-319-20928-9_2835","ReferenceWorkEntry"
"Public Health Legislation in the Caribbean","Global Encyclopedia of Public Administration, Public Policy, and Governance","","","","10.1007/978-3-319-31816-5_2835-1","Kameel Mungrue","2016","http://link.springer.com/referenceworkentry/10.1007/978-3-319-31816-5_2835-1","ReferenceWorkEntry"
"A Rapid Assessment of Road Crashes in Uganda: Notes from the Field","Dr. Sulaiman Al Habib Medical Journal","","4","4","10.1007/s44229-022-00018-7","Abel Wilson WalekhwaFrancis MuloloCarla AchiroMary NantongoBrenda NakazibweMonica Musenero Masanza","2022","http://link.springer.com/article/10.1007/s44229-022-00018-7","Article"
"Comparative evaluation of roundabout capacities under heterogeneous traffic conditions","Journal of Modern Transportation","","23","4","10.1007/s40534-015-0089-8","Ramu ArrojuHari Krishna GaddamLakshmi Devi VanumuK. Ramachandra Rao","2015","http://link.springer.com/article/10.1007/s40534-015-0089-8","Article"
"The Concept of Entrapment","Criminal Law and Philosophy","","12","4","10.1007/s11572-017-9436-7","Daniel J. HillStephen K. McLeodAttila Tanyi","2018","http://link.springer.com/article/10.1007/s11572-017-9436-7","Article"
"The Effect of Angle and Velocity on Change of Direction Biomechanics: An Angle-Velocity Trade-Off","Sports Medicine","","48","10","10.1007/s40279-018-0968-3","Thomas Dos’SantosChristopher ThomasPaul ComfortPaul A. Jones","2018","http://link.springer.com/article/10.1007/s40279-018-0968-3","Article"
"Design speed based reliability index model for roadway safety evaluation","KSCE Journal of Civil Engineering","","16","5","10.1007/s12205-012-1469-9","Heung-Un OhSungho Mun","2012","http://link.springer.com/article/10.1007/s12205-012-1469-9","Article"
"Handbook of Intelligent Vehicles","","","","","10.1007/978-0-85729-085-4","Azim Eskandarian","2012","http://link.springer.com/referencework/10.1007/978-0-85729-085-4","ReferenceWork"
"A Smart Driver Assistance System for Accident Prevention","Machine Learning and Autonomous Systems","","","","10.1007/978-981-16-7996-4_18","Tarush SinghFaaiza SheikhAshish SharmaRahul PandyaArpit Singh","2022","http://link.springer.com/chapter/10.1007/978-981-16-7996-4_18","Chapter"
"Vehicle Over Speed Detection System","Deep Learning Applications in Image Analysis","","","","10.1007/978-981-99-3784-4_4","K. GanesanN. S. ManikandanVijayan Sugumaran","2023","http://link.springer.com/chapter/10.1007/978-981-99-3784-4_4","Chapter"
"Transesophageal Doppler devices: A technical review","Journal of Clinical Monitoring and Computing","","23","6","10.1007/s10877-009-9204-x","Patrick SchoberStephan A. LoerLothar A. Schwarte","2009","http://link.springer.com/article/10.1007/s10877-009-9204-x","Article"
"A Study on Dielectric Properties of Cadmium Sulfide–Zinc Sulfide Core–Shell Nanocomposites for Application as Nanoelectronic Filter Component in the Microwave Domain","Journal of Electronic Materials","","47","7","10.1007/s11664-018-6197-6","Jutika DeviPranayee Datta","2018","http://link.springer.com/article/10.1007/s11664-018-6197-6","Article"
"Machine Learning and Autonomous Systems","Smart Innovation, Systems and Technologies","","","","10.1007/978-981-16-7996-4","Prof. Joy Iong-Zong ChenDr. Haoxiang WangDr. Ke-Lin DuProf. V. Suma","2022","http://link.springer.com/book/10.1007/978-981-16-7996-4","Book"
"Experimental investigation of converging shocks in water with various confinement materials","Shock Waves","","20","5","10.1007/s00193-010-0276-9","V. EliassonM. MelloA. J. RosakisP. E. Dimotakis","2010","http://link.springer.com/article/10.1007/s00193-010-0276-9","Article"
"Structural Imaging Measures of Brain Aging","Neuropsychology Review","","24","3","10.1007/s11065-014-9268-3","Samuel N. LockhartCharles DeCarli","2014","http://link.springer.com/article/10.1007/s11065-014-9268-3","Article"
"Economic Benefit Assessment of Black Spot Improvements","Transportation Research","","","","10.1007/978-981-99-6090-3_56","Malolan BalajiS. VelmuruganS. Padma","2024","http://link.springer.com/chapter/10.1007/978-981-99-6090-3_56","Chapter"
"Optimizing Traffic Enforcement: From the Lab to the Roads","Decision and Game Theory for Security","","","","10.1007/978-3-319-68711-7_1","Ariel RosenfeldOleg MaksimovSarit Kraus","2017","http://link.springer.com/chapter/10.1007/978-3-319-68711-7_1","Chapter"
"Influence of adult role modeling on child/adolescent helmet use in recreational sledging: an observational study","Wiener klinische Wochenschrift","","128","7 - 8","10.1007/s00508-015-0862-z","Dr. Gerhard RuedlElena PoceccoChristoph RaasMichael BlauthPeter U. BruckerMartin BurtscherMartin Kopp","2016","http://link.springer.com/article/10.1007/s00508-015-0862-z","Article"
"Computational analysis of the compressible flow driven by a piston in a ballistic range","Journal of Thermal Science","","16","4","10.1007/s11630-007-0360-3","G. RajeshR. MishraH. G. KangH. D. Kim","2007","http://link.springer.com/article/10.1007/s11630-007-0360-3","Article"
"THz Applications","Introduction to Terahertz Electronics","","","","10.1007/978-3-030-51842-4_6","Jae-Sung Rieh","2021","http://link.springer.com/chapter/10.1007/978-3-030-51842-4_6","Chapter"
"Awareness of Road Scene Participants for Autonomous Driving","Handbook of Intelligent Vehicles","","","","10.1007/978-0-85729-085-4_54","Prof. Anna PetrovskayaDr. Mathias PerrollazDr. Luciano OliveiraDr. Luciano SpinelloDr. Rudolph TriebelDr. Alexandros MakrisDr. John-David YoderDr. Christian LaugierDr. Urbano NunesDr. Pierre Bessiere","2012","http://link.springer.com/referenceworkentry/10.1007/978-0-85729-085-4_54","ReferenceWorkEntry"
"Dynamic Passenger Car Equivalency Values for Multilane Roundabouts Under Mixed Traffic Conditions—A Case Study","Recent Advances in Transportation Systems Engineering and Management","","","","10.1007/978-981-19-2273-2_5","Vaibhav NegiHari Krishna GaddamK. Ramachandra Rao","2023","http://link.springer.com/chapter/10.1007/978-981-19-2273-2_5","Chapter"
"Global Encyclopedia of Public Administration, Public Policy, and Governance","","","","","10.1007/978-3-030-66252-3","Ali Farazmand","2022","http://link.springer.com/referencework/10.1007/978-3-030-66252-3","ReferenceWork"
"The Science of Softball","Sports Medicine","","36","9","10.2165/00007256-200636090-00006","Nicholas FlygerChris ButtonNeetu Rishiraj","2006","http://link.springer.com/article/10.2165/00007256-200636090-00006","Article"
"Pervasive Computing in Sport","Computational Intelligence in Sports","","","","10.1007/978-3-030-03490-0_3","Iztok FisterIztok Fister Jr.Dušan Fister","2019","http://link.springer.com/chapter/10.1007/978-3-030-03490-0_3","Chapter"
"IoT-based traffic prediction and traffic signal control system for smart city","Soft Computing","","25","18","10.1007/s00500-021-05896-x","S. NeelakandanM. A. BerlinSandesh TripathiV. Brindha DeviIndu BhardwajN. Arulkumar","2021","http://link.springer.com/article/10.1007/s00500-021-05896-x","Article"
"Investigation of negative resistance regions in W-WO3 nanoparticles and UV-B light detection properties of PVA-W-WO3 flexible composite films","Applied Physics A","","128","12","10.1007/s00339-022-06257-7","Riju KarmakarAmit Kumar DasSubhamay PramanikProbodh Kumar KuiriAjit Kumar Meikap","2022","http://link.springer.com/article/10.1007/s00339-022-06257-7","Article"
"Recent Advances in Transportation Systems Engineering and Management","Lecture Notes in Civil Engineering","","","","10.1007/978-981-19-2273-2","M. V. L. R. AnjaneyuluM. HarikrishnaShriniwas S. ArkatkarA. Veeraragavan","2023","http://link.springer.com/book/10.1007/978-981-19-2273-2","Book"
"A Lifespan Model of Interference Resolution and Inhibitory Control: Risk for Depression and Changes with Illness Progression","Neuropsychology Review","","30","4","10.1007/s11065-019-09424-5","Katie L. BessetteAimee J. KarstensNatania A. CraneAmy T. PetersJonathan P. StangeKathleen H. ElvermanSarah Shizuko MorimotoSara L. WeisenbachScott A. Langenecker","2020","http://link.springer.com/article/10.1007/s11065-019-09424-5","Article"
"Frontiers of Shock Wave Research","","","","","10.1007/978-3-030-90735-8","Prof. Kazuyoshi TakayamaProf. Ozer Igra","2022","http://link.springer.com/book/10.1007/978-3-030-90735-8","Book"
"The Role of Biomechanics in Maximising Distance and Accuracy of Golf Shots","Sports Medicine","","35","5","10.2165/00007256-200535050-00005","Assoc. Prof. Patria A. HumeJustin KeoghDuncan Reid","2005","http://link.springer.com/article/10.2165/00007256-200535050-00005","Article"
"Integrating Transport Programmes for Sustainable Reduction in Urban Road Congestion—Best Practise Examples from Local Authorities Working with SUITS","Capacity Building in Local Authorities for Sustainable Transport Planning","","","","10.1007/978-981-19-6962-1_9","Janet SaundersSunil BudhdeoKeelan Fadden-HopperAnn-Marie NienaberSebastian SpundflaschMarco SuraceFabio NussioMiriam PirraAngel NavarroIeva GirdvainienėTudor DrambareanKrinos Ioannis","2023","http://link.springer.com/chapter/10.1007/978-981-19-6962-1_9","Chapter"
"Tests Examining Skill Outcomes in Sport: A Systematic Review of Measurement Properties and Feasibility","Sports Medicine","","44","4","10.1007/s40279-013-0131-0","Samuel J. RobertsonAngus F. BurnettJodie Cochrane","2014","http://link.springer.com/article/10.1007/s40279-013-0131-0","Article"
"Transportation Research","Lecture Notes in Civil Engineering","","","","10.1007/978-981-99-6090-3","Dharamveer SinghAvijit MajiOmkar KarmarkarMonik GuptaNagendra Rao VelagaSolomon Debbarma","2024","http://link.springer.com/book/10.1007/978-981-99-6090-3","Book"
"Deep Learning Based Multimodal Information Fusion for Near-Miss Event Detection in Intelligent Traffic Monitoring Systems","Complex Systems: Spanning Control and Computational Cybernetics: Applications","","","","10.1007/978-3-031-00978-5_15","Nikolaj ApostolovskiNaum TrajanovskiMarko ChavdarTomislav KartalovBranislav GerazovZoran Ivanovski","2022","http://link.springer.com/chapter/10.1007/978-3-031-00978-5_15","Chapter"
"Deep Learning Applications in Image Analysis","Studies in Big Data","","","","10.1007/978-981-99-3784-4","Sanjiban Sekhar RoyChing-Hsien HsuVenkateshwara Kagita","2023","http://link.springer.com/book/10.1007/978-981-99-3784-4","Book"
"Mathematical model based traffic violations identification","Computational and Mathematical Organization Theory","","25","3","10.1007/s10588-018-9264-x","Fozia MehboobMuhammad AbbasAbdul Rauf","2019","http://link.springer.com/article/10.1007/s10588-018-9264-x","Article"
"Complex Systems: Spanning Control and Computational Cybernetics: Applications","Studies in Systems, Decision and Control","","","","10.1007/978-3-031-00978-5","Peng ShiJovan StefanovskiJanusz Kacprzyk","2022","http://link.springer.com/book/10.1007/978-3-031-00978-5","Book"
"K-Means and CRP-Based Characteristic Investigating Method of Traffic Accidents with Automated Speed Enforcement Cameras","Advanced Multimedia and Ubiquitous Engineering","","","","10.1007/978-981-13-1328-8_81","Shin Hyung ParkShin Hyoung ParkOh Hoon Kwon","2019","http://link.springer.com/chapter/10.1007/978-981-13-1328-8_81","Chapter"
"Deterrent Effect of Fixed-Site Speed Enforcement in Freeways","Proceedings of the Second International Conference on Intelligent Transportation","","","","10.1007/978-981-10-2398-9_24","Mengdie YangJun MaQiang ChenYichi YangNing Shen","2017","http://link.springer.com/chapter/10.1007/978-981-10-2398-9_24","Chapter"
"A neo-institutional economic approach to automated speed enforcement systems","European Transport Research Review","","2","1","10.1007/s12544-010-0023-4","Laurent Carnis","2010","http://link.springer.com/article/10.1007/s12544-010-0023-4","Article"
"Drivers’ behavior confronting fixed and point-to-point speed enforcement camera: agent-based simulation and translation to crash relative risk change","Scientific Reports","","14","1","10.1038/s41598-024-52265-3","Seyed Amir Ahmad Safavi-NainiShayan SobhaniMohammad-Reza MalekpourKavi BhallaSaeid ShahrazRosa HaghshenasSeyyed-Hadi GhamariMohsen Abbasi-KangevariNazila RezaeiSeyed Taghi HeydariNegar RezaeiKamran B. LankaraniFarshad Farzadfar","2024","http://link.springer.com/article/10.1038/s41598-024-52265-3","Article"